{
  "strategy": "顺子流",
  "budget": "conservative",
  "budget_ratio": 0.4,
  "runs": 10,
  "total_seals": 24,
  "seal_stats": [
    {
      "barrier": 1,
      "seal": 0,
      "seal_type": "修羅",
      "target": 15000,
      "pass_count": 8,
      "pass_rate": 0.8,
      "scores": [
        35109,
        18684,
        21883,
        24204,
        29748,
        10917,
        23346,
        21528,
        8367,
        33021
      ],
      "min": 8367,
      "max": 35109,
      "p10": 10662.0,
      "p25": 19395.0,
      "p50": 22614.5,
      "p75": 28362.0,
      "p90": 33229.8,
      "avg_trigger_rate": 0.0,
      "avg_active_ninjas": 0.0
    },
    {
      "barrier": 1,
      "seal": 1,
      "seal_type": "明王",
      "target": 25000,
      "pass_count": 5,
      "pass_rate": 0.5,
      "scores": [
        94772,
        103410,
        19770,
        40320,
        53334,
        20358,
        22158,
        45396
      ],
      "min": 19770,
      "max": 103410,
      "p10": 20181.600000000002,
      "p25": 21708.0,
      "p50": 42858.0,
      "p75": 63693.5,
      "p90": 97363.40000000001,
      "avg_trigger_rate": 0.375,
      "avg_active_ninjas": 0.375
    },
    {
      "barrier": 1,
      "seal": 2,
      "seal_type": "夜叉",
      "target": 40000,
      "pass_count": 1,
      "pass_rate": 0.1,
      "scores": [
        75420,
        29328,
        37380,
        17934,
        32394
      ],
      "min": 17934,
      "max": 75420,
      "p10": 22491.6,
      "p25": 29328.0,
      "p50": 32394.0,
      "p75": 37380.0,
      "p90": 60204.0,
      "avg_trigger_rate": 0.7666666666666667,
      "avg_active_ninjas": 1.1333333333333333
    },
    {
      "barrier": 2,
      "seal": 0,
      "seal_type": "修羅",
      "target": 40000,
      "pass_count": 0,
      "pass_rate": 0.0,
      "scores": [
        36282
      ],
      "min": 36282,
      "max": 36282,
      "p10": 36282,
      "p25": 36282,
      "p50": 36282,
      "p75": 36282,
      "p90": 36282,
      "avg_trigger_rate": 0.6666666666666666,
      "avg_active_ninjas": 2.0
    }
  ]
}