{
  "personality_group": "混沌型",
  "personality_name": "少商店",
  "personality_icon": "🧪",
  "personality_description": "从不进商店——纯基础牌面基线",
  "runs": 10,
  "seal_stats": [
    {
      "barrier": 1,
      "seal": 0,
      "seal_type": "修羅",
      "target": 15000,
      "pass_count": 10,
      "pass_rate": 1.0,
      "scores": [
        16476,
        21825,
        24126,
        25512,
        28268,
        33852,
        42075,
        59760,
        70644,
        100860
      ],
      "min": 16476,
      "max": 100860,
      "p10": 21290.1,
      "p25": 24472.5,
      "p50": 31060.0,
      "p75": 55338.75,
      "p90": 73665.59999999999,
      "avg_trigger_rate": 0.0,
      "avg_active_ninjas": 0.0
    },
    {
      "barrier": 1,
      "seal": 1,
      "seal_type": "明王",
      "target": 25000,
      "pass_count": 6,
      "pass_rate": 0.6,
      "scores": [
        8952,
        17730,
        18708,
        20122,
        25336,
        27376,
        30966,
        45736,
        48762,
        61626
      ],
      "min": 8952,
      "max": 61626,
      "p10": 16852.2,
      "p25": 19061.5,
      "p50": 26356.0,
      "p75": 42043.5,
      "p90": 50048.399999999994,
      "avg_trigger_rate": 0.0,
      "avg_active_ninjas": 0.0
    },
    {
      "barrier": 1,
      "seal": 2,
      "seal_type": "夜叉",
      "target": 40000,
      "pass_count": 3,
      "pass_rate": 0.3,
      "scores": [
        19827,
        26700,
        29502,
        43820,
        47232,
        78951
      ],
      "min": 19827,
      "max": 78951,
      "p10": 23263.5,
      "p25": 27400.5,
      "p50": 36661.0,
      "p75": 46379.0,
      "p90": 63091.5,
      "avg_trigger_rate": 0.0,
      "avg_active_ninjas": 0.0
    },
    {
      "barrier": 2,
      "seal": 0,
      "seal_type": "修羅",
      "target": 40000,
      "pass_count": 0,
      "pass_rate": 0.0,
      "scores": [
        29814,
        30012,
        30534
      ],
      "min": 29814,
      "max": 30534,
      "p10": 29853.600000000002,
      "p25": 29913.0,
      "p50": 30012.0,
      "p75": 30273.0,
      "p90": 30429.6,
      "avg_trigger_rate": 0.0,
      "avg_active_ninjas": 0.0
    }
  ]
}